flight,route,time,dt_seconds,flight_progress,wind_speed,wind_sin,wind_cos,programmed_speed_mps,actual_speed_mps,horizontal_speed_mps,vertical_speed_mps,vertical_speed_abs_mps,relative_air_speed_mps,wind_alignment,wind_cross_component_mps,payload_kg,altitude_m,dynamic_accel_norm,angular_rate_norm,obstacle_agility_index,thermal_load_proxy,vision_energy_proxy_w,communication_energy_proxy_w,route_H,route_R1,route_R2,route_R3,route_R4,route_R5,route_R6,predicted_power_w,predicted_energy_wh,cumulative_energy_wh
999001,R1,0.0,1.0,0.0,5.0,0.0,1.0,8.0,3.3286633954186473,2.8,1.8,1.8,2.8425340807103794,1.0,0.0,0.25,50.0,0.35,0.03,0.7205,79.73518023316907,3.315449509312797,1.2332866339541864,0.0,1.0,0.0,0.0,0.0,0.0,0.0,594.9011,0.16525031195746528,0.16525031195746528
999001,R1,1.0,1.0,0.005555555555555556,5.0,0.0,1.0,8.0,3.3286633954186473,2.8,1.8,1.8,2.8425340807103794,1.0,0.0,0.25,50.0,0.35,0.030012183459618084,0.7205042642108663,79.73518023316907,3.315450788576057,1.2332866339541864,0.0,1.0,0.0,0.0,0.0,0.0,0.0,594.4231,0.1651175265842014,0.3303678385416667
999001,R1,2.0,1.0,0.011111111111111112,5.0,0.0,1.0,8.0,3.3286633954186473,2.8,1.8,1.8,2.8425340807103794,1.0,0.0,0.25,50.0,0.35,0.030048718994803512,0.7205170516481813,79.73518023316907,3.3154546248072516,1.2332866339541864,0.0,1.0,0.0,0.0,0.0,0.0,0.0,593.9431,0.16498419867621528,0.49535203721788196
999001,R1,3.0,1.0,0.016666666666666666,5.0,0.0,1.0,8.0,3.3286633954186473,2.8,1.8,1.8,2.8425340807103794,1.0,0.0,0.25,50.0,0.35,0.03010956209263453,0.7205383467324221,79.73518023316907,3.3154610133325235,1.2332866339541864,0.0,1.0,0.0,0.0,0.0,0.0,0.0,593.4614,0.1648503960503472,0.6602024332682291
999001,R1,4.0,1.0,0.022222222222222223,5.0,0.0,1.0,8.0,3.3286633954186473,2.8,1.8,1.8,2.8425340807103794,1.0,0.0,0.25,50.0,0.35,0.030194638625168593,0.7205681235188091,79.73518023316907,3.31546994636844,1.2332866339541864,0.0,1.0,0.0,0.0,0.0,0.0,0.0,592.97864,0.1647162882486979,0.824918721516927
999001,R1,5.0,1.0,0.027777777777777776,5.0,0.0,1.0,8.0,3.3286633954186473,2.8,1.8,1.8,2.8425340807103794,1.0,0.0,0.25,50.0,0.35,0.03030384493975584,0.7206063457289146,79.73518023316907,3.3154814130314714,1.2332866339541864,0.0,1.0,0.0,0.0,0.0,0.0,0.0,592.4952,0.16458199395073786,0.9895007154676649
999001,R1,6.0,1.0,0.03333333333333333,5.0,0.0,1.0,8.0,3.3286633954186473,2.8,1.8,1.8,2.8425340807103794,1.0,0.0,0.25,50.0,0.35,0.030437047985323887,0.7206529667948633,79.73518023316907,3.315495399351256,1.2332866339541864,0.0,1.0,0.0,0.0,0.0,0.0,0.0,592.01135,0.16444759792751737,1.1539483133951822
999001,R1,7.0,1.0,0.03888888888888889,5.0,0.0,1.0,8.0,3.3286633954186473,2.8,1.8,1.8,2.8425340807103794,1.0,0.0,0.25,50.0,0.35,0.03059408547448007,0.7207079299160681,79.73518023316907,3.3155118882876176,1.2332866339541864,0.0,1.0,0.0,0.0,0.0,0.0,0.0,591.5277,0.16431325276692707,1.3182615661621093
999001,R1,8.0,1.0,0.044444444444444446,5.0,0.0,1.0,8.0,3.3286633954186473,2.8,1.8,1.8,2.8425340807103794,1.0,0.0,0.25,50.0,0.35,0.030774766081233623,0.7207711681284318,79.73518023316907,3.3155308597513264,1.2332866339541864,0.0,1.0,0.0,0.0,0.0,0.0,0.0,591.04456,0.16417904324001736,1.4824406094021267
999001,R1,9.0,1.0,0.05,5.0,0.0,1.0,8.0,3.3286633954186473,2.8,1.8,1.8,2.8425340807103794,1.0,0.0,0.25,50.0,0.35,0.030978869674096927,0.720842604385934,79.73518023316907,3.315552290628577,1.2332866339541864,0.0,1.0,0.0,0.0,0.0,0.0,0.0,590.5624,0.16404510498046876,1.6464857143825955
999001,R1,10.0,1.0,0.05555555555555555,5.0,0.0,1.0,8.0,3.3286633954186473,2.8,1.8,1.8,2.8425340807103794,1.0,0.0,0.25,50.0,0.35,0.03120614758428183,0.7209221516544986,79.73518023316907,3.3155761548091465,1.2332866339541864,0.0,1.0,0.0,0.0,0.0,0.0,0.0,590.08154,0.16391153971354167,1.810397254096137
999001,R1,11.0,1.0,0.06111111111111111,5.0,0.0,1.0,8.0,3.3286633954186473,2.8,1.8,1.8,2.8425340807103794,1.0,0.0,0.25,50.0,0.35,0.03145632290866425,0.7210097130180324,79.73518023316907,3.315602423218207,1.2332866339541864,0.0,1.0,0.0,0.0,0.0,0.0,0.0,589.6024,0.16377844916449652,1.9741757032606335
999001,R1,12.0,1.0,0.06666666666666667,5.0,0.0,1.0,8.0,3.3286633954186473,2.8,1.8,1.8,2.8425340807103794,1.0,0.0,0.25,50.0,0.35,0.03172909084714798,0.7211051817965017,79.73518023316907,3.3156310638517477,1.2332866339541864,0.0,1.0,0.0,0.0,0.0,0.0,0.0,589.1254,0.16364595201280382,2.1378216552734375
999001,R1,13.0,1.0,0.07222222222222222,5.0,0.0,1.0,8.0,3.3286633954186473,2.8,1.8,1.8,2.8425340807103794,1.0,0.0,0.25,50.0,0.35,0.03202411907401666,0.7212084416759059,79.73518023316907,3.315662041815569,1.2332866339541864,0.0,1.0,0.0,0.0,0.0,0.0,0.0,588.65094,0.16351414998372396,2.3013358052571613
999001,R1,14.0,1.0,0.07777777777777778,5.0,0.0,1.0,8.0,3.3286633954186473,2.8,1.8,1.8,2.8425340807103794,1.0,0.0,0.25,50.0,0.35,0.03234104814282146,0.7213193668499875,79.73518023316907,3.3156953193677934,1.2332866339541864,0.0,1.0,0.0,0.0,0.0,0.0,0.0,588.1792,0.1633831108940972,2.4647189161512584
999001,R1,15.0,1.0,0.08333333333333333,5.0,0.0,1.0,8.0,3.3286633954186473,2.8,1.8,1.8,2.8425340807103794,1.0,0.0,0.25,50.0,0.35,0.03267949192431122,0.7214378221735089,79.73518023316907,3.31573085596485,1.2332866339541864,0.0,1.0,0.0,0.0,0.0,0.0,0.0,587.71063,0.1632529534233941,2.6279718695746523
999001,R1,16.0,1.0,0.08888888888888889,5.0,0.0,1.0,8.0,3.3286633954186473,2.8,1.8,1.8,2.8425340807103794,1.0,0.0,0.25,50.0,0.35,0.03303903807687148,0.721563663326905,79.73518023316907,3.3157686083108686,1.2332866339541864,0.0,1.0,0.0,0.0,0.0,0.0,0.0,587.24554,0.16312376234266493,2.7910956319173175
999001,R1,17.0,1.0,0.09444444444444444,5.0,0.0,1.0,8.0,3.3286633954186473,2.8,1.8,1.8,2.8425340807103794,1.0,0.0,0.25,50.0,0.35,0.03341924854889917,0.7216967369921148,79.73518023316907,3.3158085304104317,1.2332866339541864,0.0,1.0,0.0,0.0,0.0,0.0,0.0,586.7842,0.16299560546875,2.9540912373860673
999001,R1,18.0,1.0,0.1,5.0,0.0,1.0,8.0,3.3286633954186473,2.8,1.8,1.8,2.8425340807103794,1.0,0.0,0.25,50.0,0.35,0.03381966011250105,0.7218368810393754,79.73518023316907,3.3158505736246098,1.2332866339541864,0.0,1.0,0.0,0.0,0.0,0.0,0.0,586.32684,0.16286856757269966,3.116959804958767
999001,R1,19.0,1.0,0.10555555555555556,5.0,0.0,1.0,8.0,3.3286633954186473,2.8,1.8,1.8,2.8425340807103794,1.0,0.0,0.25,50.0,0.35,0.03423978492786556,0.7219839247247529,79.73518023316907,3.315894686730223,1.2332866339541864,0.0,1.0,0.0,0.0,0.0,0.0,0.0,585.87384,0.16274273342556422,3.2797025383843312
999001,R1,20.0,1.0,0.1111111111111111,5.0,0.0,1.0,8.0,3.3286633954186473,2.8,1.8,1.8,2.8425340807103794,1.0,0.0,0.25,50.0,0.35,0.03467911113762044,0.7221376888981672,79.73518023316907,3.3159408159822474,1.2332866339541864,0.0,1.0,0.0,0.0,0.0,0.0,0.0,585.4254,0.16261817084418403,3.442320709228515
999001,R1,21.0,1.0,0.11666666666666667,5.0,0.0,1.0,8.0,3.3286633954186473,2.8,1.8,1.8,2.8425340807103794,1.0,0.0,0.25,50.0,0.35,0.03513710349045211,0.7222979862216583,79.73518023316907,3.3159889051792946,1.2332866339541864,0.0,1.0,0.0,0.0,0.0,0.0,0.0,584.9818,0.16249494764539932,3.6048156568739143
999001,R1,22.0,1.0,0.12222222222222222,5.0,0.0,1.0,8.0,3.3286633954186473,2.8,1.8,1.8,2.8425340807103794,1.0,0.0,0.25,50.0,0.35,0.035613203993226976,0.7224646213976293,79.73518023316907,3.316038895732086,1.2332866339541864,0.0,1.0,0.0,0.0,0.0,0.0,0.0,584.5432,0.16237311469184026,3.7671887715657544
999001,R1,23.0,1.0,0.12777777777777777,5.0,0.0,1.0,8.0,3.3286633954186473,2.8,1.8,1.8,2.8425340807103794,1.0,0.0,0.25,50.0,0.35,0.03610683259082005,0.722637391406787,79.73518023316907,3.316090726734833,1.2332866339541864,0.0,1.0,0.0,0.0,0.0,0.0,0.0,584.1098,0.16225272284613715,3.9294414944118916
999001,R1,24.0,1.0,0.13333333333333333,5.0,0.0,1.0,8.0,3.3286633954186473,2.8,1.8,1.8,2.8425340807103794,1.0,0.0,0.25,50.0,0.35,0.036617387872822836,0.722816085755488,79.73518023316907,3.3161443350394433,1.2332866339541864,0.0,1.0,0.0,0.0,0.0,0.0,0.0,583.6819,0.1621338568793403,4.091575351291232
999001,R1,25.0,1.0,0.1388888888888889,5.0,0.0,1.0,8.0,3.3286633954186473,2.8,1.8,1.8,2.8425340807103794,1.0,0.0,0.25,50.0,0.35,0.03714424780626921,0.7230004867321942,79.73518023316907,3.3161996553324555,1.2332866339541864,0.0,1.0,0.0,0.0,0.0,0.0,0.0,583.2595,0.16201653374565972,4.253591885036892
999001,R1,26.0,1.0,0.14444444444444443,5.0,0.0,1.0,8.0,3.3286633954186473,2.8,1.8,1.8,2.8425340807103794,1.0,0.0,0.25,50.0,2.685668302290676,0.037686770493486836,3.1468824672207374,81.67884362858771,4.043364249479018,1.2332866339541864,0.0,1.0,0.0,0.0,0.0,0.0,0.0,655.73,0.182147216796875,4.435739101833767
999001,R1,27.0,1.0,0.15,5.0,0.0,1.0,8.0,8.0,8.0,0.0,0.0,3.0,1.0,0.0,0.25,50.0,2.685668302290676,0.038244294954150534,2.788379792992494,18.87133660458135,4.636513937897748,1.28,0.0,1.0,0.0,0.0,0.0,0.0,0.0,453.67368,0.12602046542697481,4.561759567260742
999001,R1,28.0,1.0,0.15555555555555556,5.0,0.0,1.0,8.0,8.0,8.0,0.0,0.0,3.0,1.0,0.0,0.25,50.0,0.35,0.038816141930585066,0.3635856496757047,14.2,3.909075694902712,1.28,0.0,1.0,0.0,0.0,0.0,0.0,0.0,528.8668,0.14690745035807293,4.708667017618815
999001,R1,29.0,1.0,0.16111111111111112,5.0,0.0,1.0,8.0,8.0,8.0,0.0,0.0,3.0,1.0,0.0,0.25,50.0,0.35,0.0394016147153359,0.36379056515036756,14.2,3.9091371695451107,1.28,0.0,1.0,0.0,0.0,0.0,0.0,0.0,528.7844,0.14688456217447918,4.855551579793294
999001,R1,30.0,1.0,0.16666666666666666,5.0,0.0,1.0,8.0,8.0,8.0,0.0,0.0,3.0,1.0,0.0,0.25,50.0,0.35,0.039999999999999994,0.364,14.2,3.9092000000000002,1.28,0.0,1.0,0.0,0.0,0.0,0.0,0.0,528.6991,0.1468608601888021,5.002412439982097
999001,R1,31.0,1.0,0.17222222222222222,5.0,0.0,1.0,8.0,8.0,8.0,0.0,0.0,3.0,1.0,0.0,0.25,50.0,0.35,0.040610568744282184,0.3642136990604987,14.2,3.90926410971815,1.28,0.0,1.0,0.0,0.0,0.0,0.0,0.0,528.6108,0.1468363274468316,5.1492487674289285
999001,R1,32.0,1.0,0.17777777777777778,5.0,0.0,1.0,8.0,8.0,8.0,0.0,0.0,3.0,1.0,0.0,0.25,50.0,0.35,0.04123257706421845,0.3644314019724764,14.2,3.9093294205917433,1.28,0.0,1.0,0.0,0.0,0.0,0.0,0.0,528.51953,0.14681098090277778,5.2960597483317065
999001,R1,33.0,1.0,0.18333333333333332,5.0,0.0,1.0,8.0,8.0,8.0,0.0,0.0,3.0,1.0,0.0,0.25,50.0,0.35,0.041865267138483986,0.3646528434984694,14.2,3.909395853049541,1.28,0.0,1.0,0.0,0.0,0.0,0.0,0.0,528.42523,0.14678478664822048,5.442844534979927
999001,R1,34.0,1.0,0.18888888888888888,5.0,0.0,1.0,8.0,8.0,8.0,0.0,0.0,3.0,1.0,0.0,0.25,50.0,0.35,0.04250786813168176,0.36487775384608856,14.2,3.9094633261538267,1.28,0.0,1.0,0.0,0.0,0.0,0.0,0.0,528.32794,0.14675776163736978,5.589602296617297
999001,R1,35.0,1.0,0.19444444444444445,5.0,0.0,1.0,8.0,8.0,8.0,0.0,0.0,3.0,1.0,0.0,0.25,50.0,0.35,0.04315959713348662,0.36510585899672027,14.2,3.9095317576990163,1.28,0.0,1.0,0.0,0.0,0.0,0.0,0.0,528.22754,0.14672987196180556,5.736332168579103
999001,R1,36.0,1.0,0.2,5.0,0.0,1.0,8.0,8.0,8.0,0.0,0.0,3.0,1.0,0.0,0.25,50.0,0.35,0.04381966011250105,0.3653368810393754,14.2,3.909601064311813,1.28,0.0,1.0,0.0,0.0,0.0,0.0,0.0,528.12396,0.1467011006673177,5.88303326924642
999001,R1,37.0,1.0,0.20555555555555555,5.0,0.0,1.0,8.0,8.0,8.0,0.0,0.0,3.0,1.0,0.0,0.25,50.0,0.35,0.04448725288366001,0.36557053850928095,14.2,3.9096711615527844,1.28,0.0,1.0,0.0,0.0,0.0,0.0,0.0,528.0173,0.14667146470811632,6.029704733954536
999001,R1,38.0,1.0,0.2111111111111111,5.0,0.0,1.0,8.0,8.0,8.0,0.0,0.0,3.0,1.0,0.0,0.25,50.0,0.35,0.045161562088006646,0.36580654673080226,14.2,3.909741964019241,1.28,0.0,1.0,0.0,0.0,0.0,0.0,0.0,527.9074,0.14664094712999132,6.176345681084527
999001,R1,39.0,1.0,0.21666666666666667,5.0,0.0,1.0,8.0,8.0,8.0,0.0,0.0,3.0,1.0,0.0,0.25,50.0,0.35,0.045841766183644814,0.36604461816427564,14.2,3.909813385449283,1.28,0.0,1.0,0.0,0.0,0.0,0.0,0.0,527.7943,0.14660953097873264,6.32295521206326
999001,R1,40.0,1.0,0.2222222222222222,5.0,0.0,1.0,8.0,8.0,8.0,0.0,0.0,3.0,1.0,0.0,0.25,50.0,0.35,0.04652703644666139,0.3662844627563315,14.2,3.9098853388268995,1.28,0.0,1.0,0.0,0.0,0.0,0.0,0.0,527.6779,0.14657719930013022,6.46953241136339
999001,R1,41.0,1.0,0.22777777777777777,5.0,0.0,1.0,8.0,8.0,8.0,0.0,0.0,3.0,1.0,0.0,0.25,50.0,0.35,0.04721653798079869,0.36652578829327953,14.2,3.9099577364879843,1.28,0.0,1.0,0.0,0.0,0.0,0.0,0.0,527.5582,0.14654395209418403,6.616076363457574
999001,R1,42.0,1.0,0.23333333333333334,5.0,0.0,1.0,8.0,8.0,8.0,0.0,0.0,3.0,1.0,0.0,0.25,50.0,0.35,0.04790943073464693,0.36676830075712635,14.2,3.9100304902271383,1.28,0.0,1.0,0.0,0.0,0.0,0.0,0.0,527.4352,0.14650977240668403,6.762586135864258
999001,R1,43.0,1.0,0.2388888888888889,5.0,0.0,1.0,8.0,8.0,8.0,0.0,0.0,3.0,1.0,0.0,0.25,50.0,0.35,0.04860487052511749,0.3670117046837911,14.2,3.9101035114051377,1.28,0.0,1.0,0.0,0.0,0.0,0.0,0.0,527.3088,0.1464746602376302,6.909060796101889
999001,R1,44.0,1.0,0.24444444444444444,5.0,0.0,1.0,8.0,8.0,8.0,0.0,0.0,3.0,1.0,0.0,0.25,50.0,0.35,0.049302010065949975,0.3672557035230825,14.2,3.910176711056925,1.28,0.0,1.0,0.0,0.0,0.0,0.0,0.0,527.1789,0.14643858167860244,7.055499377780491
999001,R1,45.0,1.0,0.25,5.0,0.0,1.0,8.0,8.0,8.0,0.0,0.0,3.0,1.0,0.0,0.25,50.0,0.35,0.05,0.3675,14.2,3.9102500000000004,1.28,0.0,1.0,0.0,0.0,0.0,0.0,0.0,527.0456,0.14640155368381078,7.201900931464301
999001,R1,46.0,1.0,0.25555555555555554,5.0,0.0,1.0,8.0,8.0,8.0,0.0,0.0,3.0,1.0,0.0,0.25,50.0,0.35,0.05069798993405002,0.3677442964769175,14.2,3.9103232889430757,1.28,0.0,1.0,0.0,0.0,0.0,0.0,0.0,526.9088,0.14636355929904513,7.348264490763347
999001,R1,47.0,1.0,0.2611111111111111,5.0,0.0,1.0,8.0,8.0,8.0,0.0,0.0,3.0,1.0,0.0,0.25,50.0,0.35,0.051395129474882506,0.36798829531620886,14.2,3.9103964885948628,1.28,0.0,1.0,0.0,0.0,0.0,0.0,0.0,526.76843,0.14632456461588542,7.494589055379232
999001,R1,48.0,1.0,0.26666666666666666,5.0,0.0,1.0,8.0,8.0,8.0,0.0,0.0,3.0,1.0,0.0,0.25,50.0,0.35,0.05209056926535306,0.3682316992428735,14.2,3.910469509772862,1.28,0.0,1.0,0.0,0.0,0.0,0.0,0.0,526.6246,0.14628460354275175,7.640873658921984
999001,R1,49.0,1.0,0.2722222222222222,5.0,0.0,1.0,8.0,8.0,8.0,0.0,0.0,3.0,1.0,0.0,0.25,50.0,0.35,0.052783462019201303,0.36847421170672046,14.2,3.9105422635120166,1.28,0.0,1.0,0.0,0.0,0.0,0.0,0.0,526.47705,0.1462436252170139,7.787117284138998
999001,R1,50.0,1.0,0.2777777777777778,5.0,0.0,1.0,8.0,8.0,8.0,0.0,0.0,3.0,1.0,0.0,0.25,50.0,0.35,0.05347296355333861,0.3687155372436685,14.2,3.910614661173101,1.28,0.0,1.0,0.0,0.0,0.0,0.0,0.0,526.3259,0.14620164659288196,7.93331893073188
999001,R1,51.0,1.0,0.2833333333333333,5.0,0.0,1.0,8.0,8.0,8.0,0.0,0.0,3.0,1.0,0.0,0.25,50.0,0.35,0.05415823381635518,0.36895538183572424,14.2,3.9106866145507175,1.28,0.0,1.0,0.0,0.0,0.0,0.0,0.0,526.17114,0.14615865071614584,8.079477581448026
999001,R1,52.0,1.0,0.28888888888888886,5.0,0.0,1.0,8.0,8.0,8.0,0.0,0.0,3.0,1.0,0.0,0.25,50.0,0.35,0.05483843791199335,0.3691934532691976,14.2,3.9107580359807597,1.28,0.0,1.0,0.0,0.0,0.0,0.0,0.0,526.01276,0.14611465454101563,8.225592235989042
999001,R1,53.0,1.0,0.29444444444444445,5.0,0.0,1.0,8.0,8.0,8.0,0.0,0.0,3.0,1.0,0.0,0.25,50.0,0.35,0.05551274711633998,0.3694294614907189,14.2,3.910828838447216,1.28,0.0,1.0,0.0,0.0,0.0,0.0,0.0,525.8506,0.14606960720486112,8.371661843193904
999001,R1,54.0,1.0,0.3,5.0,0.0,1.0,8.0,8.0,8.0,0.0,0.0,3.0,1.0,0.0,0.25,50.0,0.35,0.056180339887498945,0.3696631189606246,14.2,3.910898935688188,1.28,0.0,1.0,0.0,0.0,0.0,0.0,0.0,525.68475,0.14602354261610243,8.517685385810006
999001,R1,55.0,1.0,0.3055555555555556,5.0,0.0,1.0,8.0,8.0,8.0,0.0,0.0,3.0,1.0,0.0,0.25,50.0,0.35,0.05684040286651337,0.3698941410032796,14.2,3.910968242300984,1.28,0.0,1.0,0.0,0.0,0.0,0.0,0.0,525.5152,0.14597644382052952,8.663661829630536
999001,R1,56.0,1.0,0.3111111111111111,5.0,0.0,1.0,8.0,8.0,8.0,0.0,0.0,3.0,1.0,0.0,0.25,50.0,0.35,0.05749213186831824,0.3701222461539113,14.2,3.9110366738461737,1.28,0.0,1.0,0.0,0.0,0.0,0.0,0.0,525.34186,0.1459282938639323,8.809590123494468
999001,R1,57.0,1.0,0.31666666666666665,5.0,0.0,1.0,8.0,8.0,8.0,0.0,0.0,3.0,1.0,0.0,0.25,50.0,0.35,0.058134732861516,0.3703471565015306,14.2,3.9111041469504593,1.28,0.0,1.0,0.0,0.0,0.0,0.0,0.0,525.1648,0.14587910970052084,8.95546923319499
999001,R1,58.0,1.0,0.32222222222222224,5.0,0.0,1.0,8.0,8.0,8.0,0.0,0.0,3.0,1.0,0.0,0.25,50.0,0.35,0.058767422935781556,0.3705685980275235,14.2,3.911170579408257,1.28,0.0,1.0,0.0,0.0,0.0,0.0,0.0,524.984,0.14582889133029514,9.101298124525284
999001,R1,59.0,1.0,0.3277777777777778,5.0,0.0,1.0,8.0,8.0,8.0,0.0,0.0,3.0,1.0,0.0,0.25,50.0,0.35,0.059389431255717814,0.37078630093950116,14.2,3.9112358902818505,1.28,0.0,1.0,0.0,0.0,0.0,0.0,0.0,524.79944,0.14577762179904513,9.24707574632433
999001,R1,60.0,1.0,0.3333333333333333,5.0,0.0,1.0,8.0,8.0,8.0,0.0,0.0,3.0,1.0,0.0,0.25,50.0,0.35,0.06,0.371,14.2,3.9113,1.28,0.0,1.0,0.0,0.0,0.0,0.0,0.0,524.61115,0.1457253180609809,9.39280106438531
999001,R1,61.0,1.0,0.3388888888888889,5.0,0.0,1.0,8.0,8.0,8.0,0.0,0.0,3.0,1.0,0.0,0.25,50.0,0.35,0.06059838528466409,0.3712094348496324,14.2,3.91136283045489,1.28,0.0,1.0,0.0,0.0,0.0,0.0,0.0,524.41907,0.14567196316189235,9.538473027547202
999001,R1,62.0,1.0,0.34444444444444444,5.0,0.0,1.0,8.0,8.0,8.0,0.0,0.0,3.0,1.0,0.0,0.25,50.0,0.35,0.061183858069414926,0.37141435032429515,14.2,3.911424305097289,1.28,0.0,1.0,0.0,0.0,0.0,0.0,0.0,524.22327,0.14561757405598957,9.684090601603192
999001,R1,63.0,1.0,0.35,5.0,0.0,1.0,8.0,8.0,8.0,0.0,0.0,3.0,1.0,0.0,0.25,50.0,0.35,0.06175570504584946,0.3716144967660473,14.2,3.9114843490298146,1.28,0.0,1.0,0.0,0.0,0.0,0.0,0.0,524.02386,0.1455621846516927,9.829652786254885
999001,R1,64.0,1.0,0.35555555555555557,5.0,0.0,1.0,8.0,8.0,8.0,0.0,0.0,3.0,1.0,0.0,0.25,50.0,0.35,0.06231322950651317,0.3718096303272796,14.2,3.9115428890981843,1.28,0.0,1.0,0.0,0.0,0.0,0.0,0.0,523.82074,0.1455057610405816,9.975158547295466
999001,R1,65.0,1.0,0.3611111111111111,5.0,0.0,1.0,8.0,8.0,8.0,0.0,0.0,3.0,1.0,0.0,0.25,50.0,0.35,0.06285575219373078,0.3719995132678057,14.2,3.911599853980342,1.28,0.0,1.0,0.0,0.0,0.0,0.0,0.0,523.61395,0.14544832017686632,10.120606867472333
999001,R1,66.0,1.0,0.36666666666666664,5.0,0.0,1.0,8.0,8.0,8.0,0.0,0.0,3.0,1.0,0.0,0.25,50.0,0.35,0.06338261212717716,0.372183914244512,14.2,3.911655174273354,1.28,0.0,1.0,0.0,0.0,0.0,0.0,0.0,523.4036,0.145389895968967,10.265996763441299
999001,R1,67.0,1.0,0.37222222222222223,5.0,0.0,1.0,8.0,8.0,8.0,0.0,0.0,3.0,1.0,0.0,0.25,50.0,0.35,0.06389316740917994,0.372362608593213,14.2,3.911708782577964,1.28,0.0,1.0,0.0,0.0,0.0,0.0,0.0,523.1897,0.1453304714626736,10.411327234903972
999001,R1,68.0,1.0,0.37777777777777777,5.0,0.0,1.0,8.0,8.0,8.0,0.0,0.0,3.0,1.0,0.0,0.25,50.0,0.35,0.06438679600677302,0.3725353786023705,14.2,3.9117606135807113,1.28,0.0,1.0,0.0,0.0,0.0,0.0,0.0,522.97235,0.14527009752061631,10.556597332424587
999001,R1,69.0,1.0,0.38333333333333336,5.0,0.0,1.0,8.0,8.0,8.0,0.0,0.0,3.0,1.0,0.0,0.25,50.0,0.35,0.06486289650954788,0.3727020137783417,14.2,3.911810604133503,1.28,0.0,1.0,0.0,0.0,0.0,0.0,0.0,522.7516,0.14520877414279515,10.701806106567382
999001,R1,70.0,1.0,0.3888888888888889,5.0,0.0,1.0,8.0,8.0,8.0,0.0,0.0,3.0,1.0,0.0,0.25,50.0,0.35,0.06532088886237955,0.3728623111018328,14.2,3.91185869333055,1.28,0.0,1.0,0.0,0.0,0.0,0.0,0.0,522.52747,0.14514651828342015,10.846952624850802
999001,R1,71.0,1.0,0.39444444444444443,5.0,0.0,1.0,8.0,8.0,8.0,0.0,0.0,3.0,1.0,0.0,0.25,50.0,0.35,0.06576021507213443,0.373016075275247,14.2,3.9119048225825743,1.28,0.0,1.0,0.0,0.0,0.0,0.0,0.0,522.30005,0.14508334689670138,10.992035971747503
999001,R1,72.0,1.0,0.4,5.0,0.0,1.0,8.0,8.0,8.0,0.0,0.0,3.0,1.0,0.0,0.25,50.0,0.35,0.06618033988749894,0.3731631189606246,14.2,3.9119489356881876,1.28,0.0,1.0,0.0,0.0,0.0,0.0,0.0,522.06946,0.14501929389105903,11.137055265638562
999001,R1,73.0,1.0,0.40555555555555556,5.0,0.0,1.0,8.0,8.0,8.0,0.0,0.0,3.0,1.0,0.0,0.25,50.0,0.35,0.06658075145110083,0.37330326300788524,14.2,3.9119909789023657,1.28,0.0,1.0,0.0,0.0,0.0,0.0,0.0,521.8358,0.14495439317491318,11.282009658813475
999001,R1,74.0,1.0,0.4111111111111111,5.0,0.0,1.0,8.0,8.0,8.0,0.0,0.0,3.0,1.0,0.0,0.25,50.0,0.35,0.06696096192312853,0.373436336673095,14.2,3.9120309010019287,1.28,0.0,1.0,0.0,0.0,0.0,0.0,0.0,521.5991,0.14488864474826388,11.426898303561739
999001,R1,75.0,1.0,0.4166666666666667,5.0,0.0,1.0,8.0,8.0,8.0,0.0,0.0,3.0,1.0,0.0,0.25,50.0,0.35,0.06732050807568878,0.37356217782649104,14.2,3.9120686533479474,1.28,0.0,1.0,0.0,0.0,0.0,0.0,0.0,521.3597,0.14482213338216146,11.5717204369439
999001,R1,76.0,1.0,0.4222222222222222,5.0,0.0,1.0,8.0,8.0,8.0,0.0,0.0,3.0,1.0,0.0,0.25,50.0,0.35,0.06765895185717855,0.3736806331500125,14.2,3.912104189945004,1.28,0.0,1.0,0.0,0.0,0.0,0.0,0.0,521.11743,0.14475484212239584,11.716475279066296
999001,R1,77.0,1.0,0.42777777777777776,5.0,0.0,1.0,8.0,8.0,8.0,0.0,0.0,3.0,1.0,0.0,0.25,50.0,0.35,0.06797588092598333,0.37379155832409416,14.2,3.9121374674972285,1.28,0.0,1.0,0.0,0.0,0.0,0.0,0.0,520.8726,0.1446868387858073,11.861162117852103
999001,R1,78.0,1.0,0.43333333333333335,5.0,0.0,1.0,8.0,8.0,8.0,0.0,0.0,3.0,1.0,0.0,0.25,50.0,0.35,0.06827090915285203,0.3738948182034982,14.2,3.9121684454610497,1.28,0.0,1.0,0.0,0.0,0.0,0.0,0.0,520.6254,0.14461817423502604,12.00578029208713
999001,R1,79.0,1.0,0.4388888888888889,5.0,0.0,1.0,8.0,8.0,8.0,0.0,0.0,3.0,1.0,0.0,0.25,50.0,0.35,0.06854367709133574,0.37399028698196746,14.2,3.9121970860945905,1.28,0.0,1.0,0.0,0.0,0.0,0.0,0.0,520.3759,0.14454886542426215,12.150329157511392
999001,R1,80.0,1.0,0.4444444444444444,5.0,0.0,1.0,8.0,8.0,8.0,0.0,0.0,3.0,1.0,0.0,0.25,50.0,0.35,0.06879385241571817,0.37407784834550134,14.2,3.912223354503651,1.28,0.0,1.0,0.0,0.0,0.0,0.0,0.0,520.12427,0.14447896321614584,12.294808120727538
999001,R1,81.0,1.0,0.45,5.0,0.0,1.0,8.0,8.0,8.0,0.0,0.0,3.0,1.0,0.0,0.25,50.0,0.35,0.06902113032590307,0.3741573956140661,14.2,3.91224721868422,1.28,0.0,1.0,0.0,0.0,0.0,0.0,0.0,519.8707,0.14440853542751736,12.439216656155056
999001,R1,82.0,1.0,0.45555555555555555,5.0,0.0,1.0,8.0,8.0,8.0,0.0,0.0,3.0,1.0,0.0,0.25,50.0,0.35,0.06922523391876638,0.37422883187156825,14.2,3.912268649561471,1.28,0.0,1.0,0.0,0.0,0.0,0.0,0.0,519.6154,0.14433761596679687,12.583554272121853
999001,R1,83.0,1.0,0.46111111111111114,5.0,0.0,1.0,8.0,8.0,8.0,0.0,0.0,3.0,1.0,0.0,0.25,50.0,0.35,0.06940591452551992,0.37429207008393195,14.2,3.91228762102518,1.28,0.0,1.0,0.0,0.0,0.0,0.0,0.0,519.35864,0.1442662896050347,12.727820561726888
999001,R1,84.0,1.0,0.4666666666666667,5.0,0.0,1.0,8.0,8.0,8.0,0.0,0.0,3.0,1.0,0.0,0.25,50.0,0.35,0.0695629520146761,0.3743470332051366,14.2,3.9123041099615414,1.28,0.0,1.0,0.0,0.0,0.0,0.0,0.0,519.10046,0.14419457329644098,12.872015135023329
999001,R1,85.0,1.0,0.4722222222222222,5.0,0.0,1.0,8.0,8.0,8.0,0.0,0.0,3.0,1.0,0.0,0.25,50.0,0.35,0.06969615506024415,0.37439365427108545,14.2,3.912318096281326,1.28,0.0,1.0,0.0,0.0,0.0,0.0,0.0,518.84125,0.14412256876627605,13.016137703789605
999001,R1,86.0,1.0,0.4777777777777778,5.0,0.0,1.0,8.0,8.0,8.0,0.0,0.0,3.0,1.0,0.0,0.25,50.0,0.35,0.0698053613748314,0.37443187648119103,14.2,3.9123295629443575,1.28,0.0,1.0,0.0,0.0,0.0,0.0,0.0,518.5812,0.14405032687717015,13.160188030666776
999001,R1,87.0,1.0,0.48333333333333334,5.0,0.0,1.0,8.0,8.0,8.0,0.0,0.0,3.0,1.0,0.0,0.25,50.0,0.35,0.06989043790736546,0.3744616532675779,14.2,3.912338495980274,1.28,0.0,1.0,0.0,0.0,0.0,0.0,0.0,518.3205,0.14397791544596353,13.30416594611274
999001,R1,88.0,1.0,0.4888888888888889,5.0,0.0,1.0,8.0,8.0,8.0,0.0,0.0,3.0,1.0,0.0,0.25,50.0,0.35,0.06995128100519649,0.3744829483518188,14.2,3.9123448845055457,1.28,0.0,1.0,0.0,0.0,0.0,0.0,0.0,518.05945,0.14390540228949653,13.448071348402236
999001,R1,89.0,1.0,0.49444444444444446,5.0,0.0,1.0,8.0,8.0,8.0,0.0,0.0,3.0,1.0,0.0,0.25,50.0,0.35,0.06998781654038191,0.3744957357891337,14.2,3.9123487207367402,1.28,0.0,1.0,0.0,0.0,0.0,0.0,0.0,517.79834,0.14383287217881943,13.591904220581055
999001,R1,90.0,1.0,0.5,5.0,0.0,1.0,8.0,8.0,8.0,0.0,0.0,3.0,1.0,0.0,0.25,50.0,0.35,0.07,0.3745,14.2,3.9123500000000004,1.28,0.0,1.0,0.0,0.0,0.0,0.0,0.0,517.5375,0.14376040988498265,13.735664630466038
999001,R1,91.0,1.0,0.5055555555555555,5.0,0.0,1.0,8.0,8.0,8.0,0.0,0.0,3.0,1.0,0.0,0.25,50.0,0.35,0.06998781654038191,0.3744957357891337,14.2,3.9123487207367402,1.28,0.0,1.0,0.0,0.0,0.0,0.0,0.0,517.27704,0.1436880662706163,13.879352696736655
999001,R1,92.0,1.0,0.5111111111111111,5.0,0.0,1.0,8.0,8.0,8.0,0.0,0.0,3.0,1.0,0.0,0.25,50.0,0.35,0.06995128100519649,0.3744829483518188,14.2,3.9123448845055457,1.28,0.0,1.0,0.0,0.0,0.0,0.0,0.0,517.0174,0.1436159430609809,14.022968639797636
999001,R1,93.0,1.0,0.5166666666666667,5.0,0.0,1.0,8.0,8.0,8.0,0.0,0.0,3.0,1.0,0.0,0.25,50.0,0.35,0.06989043790736546,0.3744616532675779,14.2,3.912338495980274,1.28,0.0,1.0,0.0,0.0,0.0,0.0,0.0,516.7589,0.1435441419813368,14.166512781778973
999001,R1,94.0,1.0,0.5222222222222223,5.0,0.0,1.0,8.0,8.0,8.0,0.0,0.0,3.0,1.0,0.0,0.25,50.0,0.35,0.0698053613748314,0.37443187648119103,14.2,3.9123295629443575,1.28,0.0,1.0,0.0,0.0,0.0,0.0,0.0,516.50183,0.1434727308485243,14.309985512627497
999001,R1,95.0,1.0,0.5277777777777778,5.0,0.0,1.0,8.0,8.0,8.0,0.0,0.0,3.0,1.0,0.0,0.25,50.0,0.35,0.06969615506024415,0.37439365427108545,14.2,3.912318096281326,1.28,0.0,1.0,0.0,0.0,0.0,0.0,0.0,516.24646,0.14340179443359374,14.45338730706109
999001,R1,96.0,1.0,0.5333333333333333,5.0,0.0,1.0,8.0,8.0,8.0,0.0,0.0,3.0,1.0,0.0,0.25,50.0,0.35,0.06956295201467612,0.3743470332051366,14.2,3.9123041099615414,1.28,0.0,1.0,0.0,0.0,0.0,0.0,0.0,515.9932,0.14333145141601564,14.596718758477106
999001,R1,97.0,1.0,0.5388888888888889,5.0,0.0,1.0,8.0,8.0,8.0,0.0,0.0,3.0,1.0,0.0,0.25,50.0,0.35,0.06940591452551995,0.37429207008393195,14.2,3.91228762102518,1.28,0.0,1.0,0.0,0.0,0.0,0.0,0.0,515.7424,0.1432617696126302,14.739980528089736
999001,R1,98.0,1.0,0.5444444444444444,5.0,0.0,1.0,8.0,8.0,8.0,0.0,0.0,3.0,1.0,0.0,0.25,50.0,0.35,0.06922523391876638,0.37422883187156825,14.2,3.912268649561471,1.28,0.0,1.0,0.0,0.0,0.0,0.0,0.0,515.49426,0.14319285074869792,14.883173378838434
999001,R1,99.0,1.0,0.55,5.0,0.0,1.0,8.0,8.0,8.0,0.0,0.0,3.0,1.0,0.0,0.25,50.0,0.35,0.06902113032590307,0.3741573956140661,14.2,3.91224721868422,1.28,0.0,1.0,0.0,0.0,0.0,0.0,0.0,515.2493,0.14312481350368925,15.026298192342123
999001,R1,100.0,1.0,0.5555555555555556,5.0,0.0,1.0,8.0,8.0,8.0,0.0,0.0,3.0,1.0,0.0,0.25,50.0,0.35,0.06879385241571817,0.37407784834550134,14.2,3.912223354503651,1.28,0.0,1.0,0.0,0.0,0.0,0.0,0.0,515.0078,0.14305772569444444,15.169355918036567
999001,R1,101.0,1.0,0.5611111111111111,5.0,0.0,1.0,8.0,8.0,8.0,0.0,0.0,3.0,1.0,0.0,0.25,50.0,0.35,0.06854367709133574,0.37399028698196746,14.2,3.9121970860945905,1.28,0.0,1.0,0.0,0.0,0.0,0.0,0.0,514.7701,0.14299168904622395,15.312347607082792
999001,R1,102.0,1.0,0.5666666666666667,5.0,0.0,1.0,8.0,8.0,8.0,0.0,0.0,3.0,1.0,0.0,0.25,50.0,0.35,0.06827090915285203,0.3738948182034982,14.2,3.9121684454610497,1.28,0.0,1.0,0.0,0.0,0.0,0.0,0.0,514.5365,0.1429268052842882,15.45527441236708
999001,R1,103.0,1.0,0.5722222222222222,5.0,0.0,1.0,8.0,8.0,8.0,0.0,0.0,3.0,1.0,0.0,0.25,50.0,0.35,0.06797588092598333,0.37379155832409416,14.2,3.9121374674972285,1.28,0.0,1.0,0.0,0.0,0.0,0.0,0.0,514.3075,0.14286319308810763,15.598137605455188
999001,R1,104.0,1.0,0.5777777777777777,5.0,0.0,1.0,8.0,8.0,8.0,0.0,0.0,3.0,1.0,0.0,0.25,50.0,0.35,0.06765895185717855,0.3736806331500125,14.2,3.912104189945004,1.28,0.0,1.0,0.0,0.0,0.0,0.0,0.0,514.0834,0.14280093722873263,15.74093854268392
999001,R1,105.0,1.0,0.5833333333333334,5.0,0.0,1.0,8.0,8.0,8.0,0.0,0.0,3.0,1.0,0.0,0.25,50.0,0.35,0.06732050807568878,0.37356217782649104,14.2,3.9120686533479474,1.28,0.0,1.0,0.0,0.0,0.0,0.0,0.0,513.86444,0.14274012247721354,15.883678665161135
999001,R1,106.0,1.0,0.5888888888888889,5.0,0.0,1.0,8.0,8.0,8.0,0.0,0.0,3.0,1.0,0.0,0.25,50.0,0.35,0.06696096192312853,0.373436336673095,14.2,3.9120309010019287,1.28,0.0,1.0,0.0,0.0,0.0,0.0,0.0,513.65106,0.14268085055881077,16.026359515719946
999001,R1,107.0,1.0,0.5944444444444444,5.0,0.0,1.0,8.0,8.0,8.0,0.0,0.0,3.0,1.0,0.0,0.25,50.0,0.35,0.06658075145110084,0.37330326300788524,14.2,3.9119909789023657,1.28,0.0,1.0,0.0,0.0,0.0,0.0,0.0,513.4436,0.14262322319878473,16.168982738918732
999001,R1,108.0,1.0,0.6,5.0,0.0,1.0,8.0,8.0,8.0,0.0,0.0,3.0,1.0,0.0,0.25,50.0,0.35,0.06618033988749895,0.3731631189606246,14.2,3.9119489356881876,1.28,0.0,1.0,0.0,0.0,0.0,0.0,0.0,513.2423,0.1425673082139757,16.31155004713271
999001,R1,109.0,1.0,0.6055555555555555,5.0,0.0,1.0,8.0,8.0,8.0,0.0,0.0,3.0,1.0,0.0,0.25,50.0,0.35,0.06576021507213445,0.373016075275247,14.2,3.9119048225825743,1.28,0.0,1.0,0.0,0.0,0.0,0.0,0.0,513.04755,0.1425132073296441,16.45406325446235
999001,R1,110.0,1.0,0.6111111111111112,5.0,0.0,1.0,8.0,8.0,8.0,0.0,0.0,3.0,1.0,0.0,0.25,50.0,0.35,0.06532088886237956,0.3728623111018328,14.2,3.91185869333055,1.28,0.0,1.0,0.0,0.0,0.0,0.0,0.0,512.8596,0.14246100531684028,16.59652425977919
999001,R1,111.0,1.0,0.6166666666666667,5.0,0.0,1.0,8.0,8.0,8.0,0.0,0.0,3.0,1.0,0.0,0.25,50.0,0.35,0.06486289650954788,0.3727020137783417,14.2,3.911810604133503,1.28,0.0,1.0,0.0,0.0,0.0,0.0,0.0,512.67883,0.14241078694661458,16.738935046725807
999001,R1,112.0,1.0,0.6222222222222222,5.0,0.0,1.0,8.0,8.0,8.0,0.0,0.0,3.0,1.0,0.0,0.25,50.0,0.35,0.06438679600677302,0.3725353786023705,14.2,3.9117606135807113,1.28,0.0,1.0,0.0,0.0,0.0,0.0,0.0,512.5054,0.14236260308159723,16.881297649807404
999001,R1,113.0,1.0,0.6277777777777778,5.0,0.0,1.0,8.0,8.0,8.0,0.0,0.0,3.0,1.0,0.0,0.25,50.0,0.35,0.06389316740917994,0.372362608593213,14.2,3.911708782577964,1.28,0.0,1.0,0.0,0.0,0.0,0.0,0.0,512.3396,0.1423165554470486,17.023614205254454
999001,R1,114.0,1.0,0.6333333333333333,5.0,0.0,1.0,8.0,8.0,8.0,0.0,0.0,3.0,1.0,0.0,0.25,50.0,0.35,0.06338261212717716,0.372183914244512,14.2,3.911655174273354,1.28,0.0,1.0,0.0,0.0,0.0,0.0,0.0,512.1817,0.14227269490559896,17.165886900160054
999001,R1,115.0,1.0,0.6388888888888888,5.0,0.0,1.0,8.0,8.0,8.0,0.0,0.0,3.0,1.0,0.0,0.25,50.0,0.35,0.0628557521937308,0.3719995132678057,14.2,3.911599853980342,1.28,0.0,1.0,0.0,0.0,0.0,0.0,0.0,512.0319,0.14223108927408853,17.30811798943414
999001,R1,116.0,1.0,0.6444444444444445,5.0,0.0,1.0,8.0,8.0,8.0,0.0,0.0,3.0,1.0,0.0,0.25,50.0,0.35,0.062313229506513156,0.3718096303272796,14.2,3.9115428890981843,1.28,0.0,1.0,0.0,0.0,0.0,0.0,0.0,511.89038,0.1421917724609375,17.450309761895078
999001,R1,117.0,1.0,0.65,5.0,0.0,1.0,8.0,8.0,8.0,0.0,0.0,3.0,1.0,0.0,0.25,50.0,0.35,0.061755705045849464,0.3716144967660473,14.2,3.9114843490298146,1.28,0.0,1.0,0.0,0.0,0.0,0.0,0.0,511.7573,0.14215480380588108,17.592464565700958
999001,R1,118.0,1.0,0.6555555555555556,5.0,0.0,1.0,8.0,8.0,8.0,0.0,0.0,3.0,1.0,0.0,0.25,50.0,0.35,0.061183858069414954,0.37141435032429515,14.2,3.911424305097289,1.28,0.0,1.0,0.0,0.0,0.0,0.0,0.0,511.6328,0.14212022569444444,17.734584791395402
999001,R1,119.0,1.0,0.6611111111111111,5.0,0.0,1.0,8.0,8.0,8.0,0.0,0.0,3.0,1.0,0.0,0.25,50.0,0.35,0.0605983852846641,0.3712094348496324,14.2,3.91136283045489,1.28,0.0,1.0,0.0,0.0,0.0,0.0,0.0,511.51706,0.14208807203504775,17.87667286343045
999001,R1,120.0,1.0,0.6666666666666666,5.0,0.0,1.0,8.0,8.0,8.0,0.0,0.0,3.0,1.0,0.0,0.25,50.0,0.35,0.060000000000000005,0.371,14.2,3.9113,1.28,0.0,1.0,0.0,0.0,0.0,0.0,0.0,511.41016,0.1420583767361111,18.01873124016656
999001,R1,121.0,1.0,0.6722222222222223,5.0,0.0,1.0,8.0,8.0,8.0,0.0,0.0,3.0,1.0,0.0,0.25,50.0,0.35,0.059389431255717814,0.37078630093950116,14.2,3.9112358902818505,1.28,0.0,1.0,0.0,0.0,0.0,0.0,0.0,511.31213,0.1420311482747396,18.1607623884413
999001,R1,122.0,1.0,0.6777777777777778,5.0,0.0,1.0,8.0,8.0,8.0,0.0,0.0,3.0,1.0,0.0,0.25,50.0,0.35,0.058767422935781556,0.3705685980275235,14.2,3.911170579408257,1.28,0.0,1.0,0.0,0.0,0.0,0.0,0.0,511.22302,0.1420063951280382,18.302768783569338
999001,R1,123.0,1.0,0.6833333333333333,5.0,0.0,1.0,8.0,8.0,8.0,0.0,0.0,3.0,1.0,0.0,0.25,50.0,0.35,0.058134732861516006,0.3703471565015306,14.2,3.9111041469504593,1.28,0.0,1.0,0.0,0.0,0.0,0.0,0.0,511.14288,0.14198413425021703,18.444752917819553
999001,R1,124.0,1.0,0.6888888888888889,5.0,0.0,1.0,8.0,8.0,8.0,0.0,0.0,3.0,1.0,0.0,0.25,50.0,0.35,0.05749213186831824,0.3701222461539113,14.2,3.9110366738461737,1.28,0.0,1.0,0.0,0.0,0.0,0.0,0.0,511.07166,0.14196434868706598,18.586717266506618
999001,R1,125.0,1.0,0.6944444444444444,5.0,0.0,1.0,8.0,8.0,8.0,0.0,0.0,3.0,1.0,0.0,0.25,50.0,0.35,0.05684040286651339,0.3698941410032797,14.2,3.910968242300984,1.28,0.0,1.0,0.0,0.0,0.0,0.0,0.0,511.00934,0.14194703843858508,18.7286643049452
999001,R1,126.0,1.0,0.7,5.0,0.0,1.0,8.0,8.0,8.0,0.0,0.0,3.0,1.0,0.0,0.25,50.0,0.35,0.056180339887498945,0.3696631189606246,14.2,3.910898935688188,1.28,0.0,1.0,0.0,0.0,0.0,0.0,0.0,510.95587,0.14193218655056425,18.870596491495768
999001,R1,127.0,1.0,0.7055555555555556,5.0,0.0,1.0,8.0,8.0,8.0,0.0,0.0,3.0,1.0,0.0,0.25,50.0,0.35,0.05551274711633998,0.3694294614907189,14.2,3.910828838447216,1.28,0.0,1.0,0.0,0.0,0.0,0.0,0.0,510.91116,0.14191976759168837,19.012516259087455
999001,R1,128.0,1.0,0.7111111111111111,5.0,0.0,1.0,8.0,8.0,8.0,0.0,0.0,3.0,1.0,0.0,0.25,50.0,0.35,0.05483843791199336,0.3691934532691976,14.2,3.9107580359807597,1.28,0.0,1.0,0.0,0.0,0.0,0.0,0.0,510.87506,0.1419097391764323,19.15442599826389
999001,R1,129.0,1.0,0.7166666666666667,5.0,0.0,1.0,8.0,8.0,8.0,0.0,0.0,3.0,1.0,0.0,0.25,50.0,0.35,0.05415823381635519,0.36895538183572424,14.2,3.9106866145507175,1.28,0.0,1.0,0.0,0.0,0.0,0.0,0.0,510.84744,0.14190206739637587,19.296328065660266
999001,R1,130.0,1.0,0.7222222222222222,5.0,0.0,1.0,8.0,8.0,8.0,0.0,0.0,3.0,1.0,0.0,0.25,50.0,0.35,0.05347296355333861,0.3687155372436685,14.2,3.910614661173101,1.28,0.0,1.0,0.0,0.0,0.0,0.0,0.0,510.82816,0.14189670986599393,19.43822477552626
999001,R1,131.0,1.0,0.7277777777777777,5.0,0.0,1.0,8.0,8.0,8.0,0.0,0.0,3.0,1.0,0.0,0.25,50.0,0.35,0.05278346201920132,0.36847421170672046,14.2,3.9105422635120166,1.28,0.0,1.0,0.0,0.0,0.0,0.0,0.0,510.81702,0.14189361572265624,19.580118391248913
999001,R1,132.0,1.0,0.7333333333333333,5.0,0.0,1.0,8.0,8.0,8.0,0.0,0.0,3.0,1.0,0.0,0.25,50.0,0.35,0.05209056926535308,0.3682316992428735,14.2,3.910469509772862,1.28,0.0,1.0,0.0,0.0,0.0,0.0,0.0,510.8138,0.1418927256266276,19.722011116875542
999001,R1,133.0,1.0,0.7388888888888889,5.0,0.0,1.0,8.0,8.0,8.0,0.0,0.0,3.0,1.0,0.0,0.25,50.0,0.35,0.05139512947488251,0.36798829531620886,14.2,3.9103964885948628,1.28,0.0,1.0,0.0,0.0,0.0,0.0,0.0,510.81827,0.14189396328396267,19.863905080159505
999001,R1,134.0,1.0,0.7444444444444445,5.0,0.0,1.0,8.0,8.0,8.0,0.0,0.0,3.0,1.0,0.0,0.25,50.0,0.35,0.05069798993405002,0.3677442964769175,14.2,3.9103232889430757,1.28,0.0,1.0,0.0,0.0,0.0,0.0,0.0,510.83026,0.14189729478624133,20.005802374945745
999001,R1,135.0,1.0,0.75,5.0,0.0,1.0,8.0,8.0,8.0,0.0,0.0,3.0,1.0,0.0,0.25,50.0,0.35,0.05,0.3675,14.2,3.9102500000000004,1.28,0.0,1.0,0.0,0.0,0.0,0.0,0.0,510.8494,0.1419026099310981,20.147704984876842
999001,R1,136.0,1.0,0.7555555555555555,5.0,0.0,1.0,8.0,8.0,8.0,0.0,0.0,3.0,1.0,0.0,0.25,50.0,0.35,0.04930201006594999,0.3672557035230825,14.2,3.910176711056925,1.28,0.0,1.0,0.0,0.0,0.0,0.0,0.0,510.8755,0.14190985785590277,20.289614842732746
999001,R1,137.0,1.0,0.7611111111111111,5.0,0.0,1.0,8.0,8.0,8.0,0.0,0.0,3.0,1.0,0.0,0.25,50.0,0.35,0.04860487052511749,0.3670117046837911,14.2,3.9101035114051377,1.28,0.0,1.0,0.0,0.0,0.0,0.0,0.0,510.90823,0.14191895378960503,20.431533796522352
999001,R1,138.0,1.0,0.7666666666666667,5.0,0.0,1.0,8.0,8.0,8.0,0.0,0.0,3.0,1.0,0.0,0.25,50.0,0.35,0.047909430734646916,0.36676830075712635,14.2,3.9100304902271383,1.28,0.0,1.0,0.0,0.0,0.0,0.0,0.0,510.94733,0.1419298129611545,20.573463609483507
999001,R1,139.0,1.0,0.7722222222222223,5.0,0.0,1.0,8.0,8.0,8.0,0.0,0.0,3.0,1.0,0.0,0.25,50.0,0.35,0.04721653798079869,0.36652578829327953,14.2,3.9099577364879843,1.28,0.0,1.0,0.0,0.0,0.0,0.0,0.0,510.99243,0.14194234212239584,20.715405951605902
999001,R1,140.0,1.0,0.7777777777777778,5.0,0.0,1.0,8.0,8.0,8.0,0.0,0.0,3.0,1.0,0.0,0.25,50.0,0.35,0.046527036446661396,0.3662844627563315,14.2,3.9098853388268995,1.28,0.0,1.0,0.0,0.0,0.0,0.0,0.0,511.04327,0.1419564649793837,20.857362416585286
999001,R1,141.0,1.0,0.7833333333333333,5.0,0.0,1.0,8.0,8.0,8.0,0.0,0.0,3.0,1.0,0.0,0.25,50.0,0.35,0.045841766183644814,0.36604461816427564,14.2,3.909813385449283,1.28,0.0,1.0,0.0,0.0,0.0,0.0,0.0,511.0995,0.14197207980685764,20.999334496392144
999001,R1,142.0,1.0,0.7888888888888889,5.0,0.0,1.0,8.0,8.0,8.0,0.0,0.0,3.0,1.0,0.0,0.25,50.0,0.35,0.04516156208800665,0.36580654673080226,14.2,3.909741964019241,1.28,0.0,1.0,0.0,0.0,0.0,0.0,0.0,511.16083,0.14198911878797743,21.141323615180124
999001,R1,143.0,1.0,0.7944444444444444,5.0,0.0,1.0,8.0,8.0,8.0,0.0,0.0,3.0,1.0,0.0,0.25,50.0,0.35,0.04448725288366003,0.36557053850928095,14.2,3.9096711615527844,1.28,0.0,1.0,0.0,0.0,0.0,0.0,0.0,511.22693,0.14200748019748263,21.283331095377605
999001,R1,144.0,1.0,0.8,5.0,0.0,1.0,8.0,8.0,8.0,0.0,0.0,3.0,1.0,0.0,0.25,50.0,0.35,0.04381966011250106,0.3653368810393754,14.2,3.909601064311813,1.28,0.0,1.0,0.0,0.0,0.0,0.0,0.0,511.29742,0.14202706231011283,21.425358157687718
999001,R1,145.0,1.0,0.8055555555555556,5.0,0.0,1.0,8.0,8.0,8.0,0.0,0.0,3.0,1.0,0.0,0.25,50.0,0.35,0.04315959713348662,0.36510585899672027,14.2,3.9095317576990163,1.28,0.0,1.0,0.0,0.0,0.0,0.0,0.0,511.372,0.14204778035481772,21.567405938042537
999001,R1,146.0,1.0,0.8111111111111111,5.0,0.0,1.0,8.0,8.0,8.0,0.0,0.0,3.0,1.0,0.0,0.25,50.0,0.35,0.04250786813168176,0.36487775384608856,14.2,3.9094633261538267,1.28,0.0,1.0,0.0,0.0,0.0,0.0,0.0,511.45047,0.14206957499186199,21.7094755130344
999001,R1,147.0,1.0,0.8166666666666667,5.0,0.0,1.0,8.0,8.0,8.0,0.0,0.0,3.0,1.0,0.0,0.25,50.0,0.35,0.04186526713848401,0.3646528434984694,14.2,3.909395853049541,1.28,0.0,1.0,0.0,0.0,0.0,0.0,0.0,511.53238,0.14209232754177517,21.851567840576173
999001,R1,148.0,1.0,0.8222222222222222,5.0,0.0,1.0,8.0,8.0,8.0,0.0,0.0,3.0,1.0,0.0,0.25,50.0,0.35,0.04123257706421845,0.3644314019724764,14.2,3.9093294205917433,1.28,0.0,1.0,0.0,0.0,0.0,0.0,0.0,511.61743,0.14211595323350695,21.99368379380968
999001,R1,149.0,1.0,0.8277777777777777,5.0,0.0,1.0,8.0,8.0,8.0,0.0,0.0,3.0,1.0,0.0,0.25,50.0,0.35,0.04061056874428219,0.3642136990604987,14.2,3.90926410971815,1.28,0.0,1.0,0.0,0.0,0.0,0.0,0.0,511.70532,0.14214036729600693,22.13582416110569
999001,R1,150.0,1.0,0.8333333333333334,5.0,0.0,1.0,8.0,8.0,8.0,0.0,0.0,3.0,1.0,0.0,0.25,50.0,0.35,0.039999999999999994,0.364,14.2,3.9092000000000002,1.28,0.0,1.0,0.0,0.0,0.0,0.0,0.0,511.79584,0.14216551038953992,22.277989671495227
999001,R1,151.0,1.0,0.8388888888888889,5.0,0.0,1.0,8.0,8.0,8.0,0.0,0.0,3.0,1.0,0.0,0.25,50.0,0.35,0.0394016147153359,0.36379056515036756,14.2,3.9091371695451107,1.28,0.0,1.0,0.0,0.0,0.0,0.0,0.0,511.88858,0.14219127231174045,22.42018094380697
999001,R1,152.0,1.0,0.8444444444444444,5.0,0.0,1.0,8.0,8.0,8.0,0.0,0.0,3.0,1.0,0.0,0.25,50.0,0.35,0.03881614193058506,0.3635856496757047,14.2,3.909075694902712,1.28,0.0,1.0,0.0,0.0,0.0,0.0,0.0,511.98334,0.14221759372287326,22.56239853752984
999001,R1,153.0,1.0,0.85,5.0,0.0,1.0,8.0,8.0,8.0,0.0,0.0,3.0,1.0,0.0,0.25,50.0,2.761761982573141,0.038244294954150534,2.8673836224278277,19.023523965146282,4.660215086728348,1.28,0.0,1.0,0.0,0.0,0.0,0.0,0.0,441.14502,0.122540283203125,22.684938820732967
999001,R1,154.0,1.0,0.8555555555555555,5.0,0.0,1.0,8.0,3.176476034853718,2.8,-1.5,1.5,2.6627053911388696,1.0,0.0,0.25,50.0,2.761761982573141,0.03768677049348684,3.1658438725680123,11.632458299490713,4.0262245669984615,1.231764760348537,0.0,1.0,0.0,0.0,0.0,0.0,0.0,592.2003,0.16450008816189235,22.84943890889486
999001,R1,155.0,1.0,0.8611111111111112,5.0,0.0,1.0,8.0,3.176476034853718,2.8,-1.5,1.5,2.6627053911388696,1.0,0.0,0.25,50.0,0.35,0.037144247806269216,0.6630004867321941,9.717232264636994,3.275371551247716,1.231764760348537,0.0,1.0,0.0,0.0,0.0,0.0,0.0,515.2168,0.14311577690972221,22.992554685804585
999001,R1,156.0,1.0,0.8666666666666667,5.0,0.0,1.0,8.0,3.176476034853718,2.8,-1.5,1.5,2.6627053911388696,1.0,0.0,0.25,50.0,0.35,0.03661738787282283,0.662816085755488,9.717232264636994,3.2753162309547044,1.231764760348537,0.0,1.0,0.0,0.0,0.0,0.0,0.0,515.47687,0.14318801879882812,23.135742704603413
999001,R1,157.0,1.0,0.8722222222222222,5.0,0.0,1.0,8.0,3.176476034853718,2.8,-1.5,1.5,2.6627053911388696,1.0,0.0,0.25,50.0,0.35,0.03610683259082005,0.662637391406787,9.717232264636994,3.2752626226500943,1.231764760348537,0.0,1.0,0.0,0.0,0.0,0.0,0.0,515.7511,0.14326419406467014,23.279006898668083
999001,R1,158.0,1.0,0.8777777777777778,5.0,0.0,1.0,8.0,3.176476034853718,2.8,-1.5,1.5,2.6627053911388696,1.0,0.0,0.25,50.0,0.35,0.03561320399322698,0.6624646213976294,9.717232264636994,3.2752107916473467,1.231764760348537,0.0,1.0,0.0,0.0,0.0,0.0,0.0,516.03894,0.14334415011935764,23.42235104878744
999001,R1,159.0,1.0,0.8833333333333333,5.0,0.0,1.0,8.0,3.176476034853718,2.8,-1.5,1.5,2.6627053911388696,1.0,0.0,0.25,50.0,0.35,0.035137103490452126,0.6622979862216583,9.717232264636994,3.275160801094555,1.231764760348537,0.0,1.0,0.0,0.0,0.0,0.0,0.0,516.3397,0.14342770046657985,23.565778749254022
999001,R1,160.0,1.0,0.8888888888888888,5.0,0.0,1.0,8.0,3.176476034853718,2.8,-1.5,1.5,2.6627053911388696,1.0,0.0,0.25,50.0,0.35,0.03467911113762044,0.6621376888981672,9.717232264636994,3.275112711897508,1.231764760348537,0.0,1.0,0.0,0.0,0.0,0.0,0.0,516.65283,0.1435146755642361,23.70929342481826
999001,R1,161.0,1.0,0.8944444444444445,5.0,0.0,1.0,8.0,3.176476034853718,2.8,-1.5,1.5,2.6627053911388696,1.0,0.0,0.25,50.0,0.35,0.03423978492786556,0.661983924724753,9.717232264636994,3.2750665826454837,1.231764760348537,0.0,1.0,0.0,0.0,0.0,0.0,0.0,516.9777,0.14360492282443577,23.852898347642697
999001,R1,162.0,1.0,0.9,5.0,0.0,1.0,8.0,3.176476034853718,2.8,-1.5,1.5,2.6627053911388696,1.0,0.0,0.25,50.0,0.35,0.03381966011250105,0.6618368810393754,9.717232264636994,3.2750224695398704,1.231764760348537,0.0,1.0,0.0,0.0,0.0,0.0,0.0,517.3137,0.14369825575086806,23.996596603393563
999001,R1,163.0,1.0,0.9055555555555556,5.0,0.0,1.0,8.0,3.176476034853718,2.8,-1.5,1.5,2.6627053911388696,1.0,0.0,0.25,50.0,0.35,0.033419248548899175,0.6616967369921147,9.717232264636994,3.2749804263256923,1.231764760348537,0.0,1.0,0.0,0.0,0.0,0.0,0.0,517.6602,0.1437945048014323,24.140391108194994
999001,R1,164.0,1.0,0.9111111111111111,5.0,0.0,1.0,8.0,3.176476034853718,2.8,-1.5,1.5,2.6627053911388696,1.0,0.0,0.25,50.0,0.35,0.03303903807687148,0.6615636633269051,9.717232264636994,3.2749405042261297,1.231764760348537,0.0,1.0,0.0,0.0,0.0,0.0,0.0,518.0167,0.14389353434244792,24.284284642537443
999001,R1,165.0,1.0,0.9166666666666666,5.0,0.0,1.0,8.0,3.176476034853718,2.8,-1.5,1.5,2.6627053911388696,1.0,0.0,0.25,50.0,0.35,0.03267949192431123,0.6614378221735089,9.717232264636994,3.2749027518801106,1.231764760348537,0.0,1.0,0.0,0.0,0.0,0.0,0.0,518.3826,0.14399517483181423,24.42827981736926
999001,R1,166.0,1.0,0.9222222222222223,5.0,0.0,1.0,8.0,3.176476034853718,2.8,-1.5,1.5,2.6627053911388696,1.0,0.0,0.25,50.0,0.35,0.03234104814282146,0.6613193668499875,9.717232264636994,3.274867215283054,1.231764760348537,0.0,1.0,0.0,0.0,0.0,0.0,0.0,518.7574,0.14409927368164063,24.572379091050898
999001,R1,167.0,1.0,0.9277777777777778,5.0,0.0,1.0,8.0,3.176476034853718,2.8,-1.5,1.5,2.6627053911388696,1.0,0.0,0.25,50.0,0.35,0.032024119074016665,0.6612084416759059,9.717232264636994,3.2748339377308295,1.231764760348537,0.0,1.0,0.0,0.0,0.0,0.0,0.0,519.14044,0.14420567830403647,24.716584769354935
999001,R1,168.0,1.0,0.9333333333333333,5.0,0.0,1.0,8.0,3.176476034853718,2.8,-1.5,1.5,2.6627053911388696,1.0,0.0,0.25,50.0,0.35,0.03172909084714798,0.6611051817965018,9.717232264636994,3.2748029597670083,1.231764760348537,0.0,1.0,0.0,0.0,0.0,0.0,0.0,519.5313,0.14431425306532117,24.860899022420256
999001,R1,169.0,1.0,0.9388888888888889,5.0,0.0,1.0,8.0,3.176476034853718,2.8,-1.5,1.5,2.6627053911388696,1.0,0.0,0.25,50.0,0.35,0.03145632290866425,0.6610097130180325,9.717232264636994,3.2747743191334675,1.231764760348537,0.0,1.0,0.0,0.0,0.0,0.0,0.0,519.9295,0.14442486233181423,25.00532388475207
999001,R1,170.0,1.0,0.9444444444444444,5.0,0.0,1.0,8.0,3.176476034853718,2.8,-1.5,1.5,2.6627053911388696,1.0,0.0,0.25,50.0,0.35,0.031206147584281835,0.6609221516544986,9.717232264636994,3.2747480507244076,1.231764760348537,0.0,1.0,0.0,0.0,0.0,0.0,0.0,520.33453,0.14453737046983506,25.149861255221904
999001,R1,171.0,1.0,0.95,5.0,0.0,1.0,8.0,3.176476034853718,2.8,-1.5,1.5,2.6627053911388696,1.0,0.0,0.25,50.0,0.35,0.03097886967409693,0.6608426043859339,9.717232264636994,3.274724186543838,1.231764760348537,0.0,1.0,0.0,0.0,0.0,0.0,0.0,520.74585,0.14465162489149305,25.2945128801134
999001,R1,172.0,1.0,0.9555555555555556,5.0,0.0,1.0,8.0,3.176476034853718,2.8,-1.5,1.5,2.6627053911388696,1.0,0.0,0.25,50.0,0.35,0.03077476608123362,0.6607711681284318,9.717232264636994,3.2747027556665875,1.231764760348537,0.0,1.0,0.0,0.0,0.0,0.0,0.0,521.16315,0.14476754082573784,25.439280420939134
999001,R1,173.0,1.0,0.9611111111111111,5.0,0.0,1.0,8.0,3.176476034853718,2.8,-1.5,1.5,2.6627053911388696,1.0,0.0,0.25,50.0,0.35,0.03059408547448007,0.6607079299160681,9.717232264636994,3.274683784202878,1.231764760348537,0.0,1.0,0.0,0.0,0.0,0.0,0.0,521.5858,0.14488494873046875,25.584165369669602
999001,R1,174.0,1.0,0.9666666666666667,5.0,0.0,1.0,8.0,3.176476034853718,2.8,-1.5,1.5,2.6627053911388696,1.0,0.0,0.25,50.0,0.35,0.030437047985323887,0.6606529667948634,9.717232264636994,3.274667295266517,1.231764760348537,0.0,1.0,0.0,0.0,0.0,0.0,0.0,522.01355,0.14500376383463542,25.729169133504236
999001,R1,175.0,1.0,0.9722222222222222,5.0,0.0,1.0,8.0,3.176476034853718,2.8,-1.5,1.5,2.6627053911388696,1.0,0.0,0.25,50.0,0.35,0.03030384493975584,0.6606063457289146,9.717232264636994,3.2746533089467325,1.231764760348537,0.0,1.0,0.0,0.0,0.0,0.0,0.0,522.44586,0.14512385050455728,25.874292984008793
999001,R1,176.0,1.0,0.9777777777777777,5.0,0.0,1.0,8.0,3.176476034853718,2.8,-1.5,1.5,2.6627053911388696,1.0,0.0,0.25,50.0,0.35,0.030194638625168593,0.660568123518809,9.717232264636994,3.2746418422837005,1.231764760348537,0.0,1.0,0.0,0.0,0.0,0.0,0.0,522.8824,0.14524510701497395,26.01953809102377
999001,R1,177.0,1.0,0.9833333333333333,5.0,0.0,1.0,8.0,3.176476034853718,2.8,-1.5,1.5,2.6627053911388696,1.0,0.0,0.25,50.0,0.35,0.030109562092634535,0.6605383467324222,9.717232264636994,3.2746329092477846,1.231764760348537,0.0,1.0,0.0,0.0,0.0,0.0,0.0,523.3228,0.14536744859483508,26.164905539618605
999001,R1,178.0,1.0,0.9888888888888889,5.0,0.0,1.0,8.0,3.176476034853718,2.8,-1.5,1.5,2.6627053911388696,1.0,0.0,0.25,50.0,0.35,0.030048718994803516,0.6605170516481813,9.717232264636994,3.2746265207225123,1.231764760348537,0.0,1.0,0.0,0.0,0.0,0.0,0.0,523.76666,0.14549073961046008,26.310396279229064
999001,R1,179.0,1.0,0.9944444444444445,5.0,0.0,1.0,8.0,3.176476034853718,2.8,-1.5,1.5,2.6627053911388696,1.0,0.0,0.25,50.0,0.35,0.030012183459618084,0.6605042642108663,9.717232264636994,3.2746226844913178,1.231764760348537,0.0,1.0,0.0,0.0,0.0,0.0,0.0,524.2136,0.1456148952907986,26.456011174519862
999001,R1,180.0,1.0,1.0,5.0,0.0,1.0,8.0,3.176476034853718,2.8,-1.5,1.5,2.6627053911388696,1.0,0.0,0.25,50.0,0.35,0.03,0.6605000000000001,9.717232264636994,3.274621405228058,1.231764760348537,0.0,1.0,0.0,0.0,0.0,0.0,0.0,524.6633,0.14573981391059027,26.601750988430453
